{
  "n_test_faces": 1336,
  "no_face_images": 164,
  "accuracy": 0.5269461077844312,
  "labels": [
    "Angry",
    "Fear",
    "Happy",
    "Sad",
    "Suprise"
  ],
  "confusion_matrix": [
    [
      115,
      24,
      28,
      52,
      37
    ],
    [
      46,
      57,
      28,
      60,
      67
    ],
    [
      32,
      12,
      198,
      25,
      19
    ],
    [
      51,
      42,
      21,
      121,
      18
    ],
    [
      26,
      24,
      12,
      8,
      213
    ]
  ],
  "report": {
    "Angry": {
      "precision": 0.42592592592592593,
      "recall": 0.44921875,
      "f1-score": 0.4372623574144487,
      "support": 256.0
    },
    "Fear": {
      "precision": 0.3584905660377358,
      "recall": 0.22093023255813954,
      "f1-score": 0.2733812949640288,
      "support": 258.0
    },
    "Happy": {
      "precision": 0.6898954703832753,
      "recall": 0.6923076923076923,
      "f1-score": 0.6910994764397905,
      "support": 286.0
    },
    "Sad": {
      "precision": 0.4548872180451128,
      "recall": 0.4782608695652174,
      "f1-score": 0.4662813102119461,
      "support": 253.0
    },
    "Suprise": {
      "precision": 0.6016949152542372,
      "recall": 0.7526501766784452,
      "f1-score": 0.6687598116169545,
      "support": 283.0
    },
    "accuracy": 0.5269461077844312,
    "macro avg": {
      "precision": 0.5061788191292574,
      "recall": 0.5186735442218989,
      "f1-score": 0.5073568501294338,
      "support": 1336.0
    },
    "weighted avg": {
      "precision": 0.5121286188523595,
      "recall": 0.5269461077844312,
      "f1-score": 0.5144866661914812,
      "support": 1336.0
    }
  }
}